"id","y"
5093,1.9671370999123203
5094,2.355839865134919
5095,2.165236518809543
5096,1.7233580590692203
5097,1.3501425076428686
5098,1.0712310684162516
5099,1.7930992950609301
5100,1.0929797981743832
5101,1.0061036425805538
5102,1.0495762061270635
5103,1.009104499569036
5104,1.47087324817148
5105,1.3292661068250786
5106,1.0690617096861597
5107,1.0072716931140349
5108,1.0488596544745261
5109,1.1750065100841547
5110,1.0993717805975622
5111,1.0807465577409119
5112,1.0072716931140349
5113,1.1166695326600882
5114,1.1440019024508858
5115,1.0695217232251135
5116,1.0754757989368269
5117,1.0159724114463842
5118,1.018975716132368
5119,1.0436372093931179
5120,1.0957770645097327
5121,1.0493357975066853
5122,1.052516807564986
5123,1.0453065791696063
5124,1.2674191764146445
5125,1.0136476278011155
5126,1.0336918499873353
5127,1.0320455850250942
5128,1.108388359386994
5129,1.0596240457248847
5130,1.1147938135958972
5131,1.9836608141209802
5132,1.043380009167801
5133,1.0604297571671055
5134,1.0422804853600744
5135,1.0528999325985133
5136,1.1739342430807298
5137,1.5844549741174085
5138,1.0243798020253234
5139,1.0139203786077817
5140,1.0670773527625013
5141,1.045833934243091
5142,1.1416865103911424
5143,1.1751047044425287
5144,1.5450760114376063
5145,1.056058522953111
5146,1.1405545018203667
5147,1.0806243646239084
5148,1.2476231388340626
5149,1.0606148736723005
5150,2.188298166571898
5151,1.0729478860214838
5152,1.0030661658664617
5153,1.8136278303543918
5154,1.67710241545744
5155,1.2113154052738377
5156,1.0554683882455174
5157,1.0058090522884435
5158,1.0255243530096823
5159,1.5340543654072691
5160,1.2041792121173678
5161,1.1200898032260402
5162,1.1129477382257194
5163,1.0168289187612949
5164,1.0771539062659823
5165,1.031009288667037
5166,1.0390956431254637
5167,1.0565864648933876
5168,1.0138598620083081
5169,1.0077286273473416
5170,1.0530441401167339
5171,1.0570779529363035
5172,1.0375677413080453
5173,1.0081848388365051
5174,1.14559142408471
5175,1.1196497658875462
5176,1.0103540718370843
5177,1.192601469782369
5178,1.044325745553012
5179,1.0407391577060234
5180,1.1497692963846755
5181,1.0213456982605582
5182,1.06923561855745
5183,1.1882884465485493
5184,1.0162731728321572
5185,1.130786446039235
5186,1.9022820547575812
5187,1.0251206187676674
5188,1.0162716868625514
5189,1.0123949005240236
5190,1.013892222250836
5191,1.0649950767056953
5192,1.0313956369491177
5193,1.0870886795158183
5194,1.0223408607289348
5195,2.42244458235697
5196,1.0343919278923783
5197,1.0037503132432526
5198,1.013412741868177
5199,1.0170821599022606
5200,1.0161351781160364
5201,1.031533540611783
5202,1.0080884325427761
5203,1.0143380084479394
5204,1.0995217345016581
5205,1.002770034473166
5206,1.1224124404817866
5207,1.0116453515107535
5208,1.0097554977783356
5209,1.0949161069110218
5210,1.0783865775287391
5211,1.032972066153327
5212,1.0116697115616446
5213,1.0209971459088572
5214,1.0359980572436243
5215,1.0397875587809398
5216,1.0028843630144502
5217,1.0564620681150108
5218,1.0258408512170731
5219,1.0179323598571832
5220,1.017772694905415
5221,1.065688957699639
5222,1.0224158360293958
5223,1.010006342351158
5224,1.0182533770545725
5225,1.0049362965431148
5226,1.0562357032464351
5227,1.0332969101615848
5228,1.242731432245464
5229,1.1562664068097401
5230,1.0689460781764608
5231,1.0151403100576875
5232,1.0216546174796117
5233,1.0600465696168806
5234,1.100164361152609
5235,1.201118491417674
5236,1.073382460502844
5237,1.084194300053
5238,1.0574949626858263
5239,1.1920386127176847
5240,1.5550996316707675
5241,1.0163697958074063
5242,1.0206551496733138
5243,1.0310699253001903
5244,1.0098963656887892
5245,1.1679526769298831
5246,1.0470407450285977
5247,1.0267155268874706
5248,1.0836279545869343
5249,1.0030713101652584
5250,1.000870383151108
5251,1.0388020549922294
5252,1.0285558538507955
5253,1.019442605276391
5254,1.0172827900743695
5255,1.2532335503683327
5256,1.023617609344101
5257,1.0086399074537402
5258,1.0092533648158097
5259,1.0122774629760254
5260,1.0308513743813448
5261,1.0166566994464767
5262,1.0037524163462355
5263,1.0198618913668556
5264,1.1135969672986914
5265,1.0571716953937005
5266,1.1068736638416068
5267,1.0200921804235736
5268,1.003347805465315
5269,1.018717117422734
5270,1.0125500261588016
5271,1.0136065131692664
5272,1.0016571365299451
5273,1.0287108067266861
5274,1.0130594064228233
5275,1.0010433839012591
5276,1.0635913588687025
5277,1.0119233980972555
5278,1.0246562594062165
5279,1.0093554174290102
5280,1.069691618401458
5281,1.0746136420951495
5282,1.0076743067802867
5283,1.0238362438032926
5284,1.0350381500364787
5285,1.0131447142757755
5286,1.0501420617625434
5287,1.0199859188574474
5288,1.318678624261929
5289,1.0665391229311805
5290,1.024193813973662
5291,1.0128280978364932
5292,1.0135623427351033
5293,1.0116998498689687
5294,1.1355500137635863
5295,1.2369179688597143
5296,1.0241934610474395
5297,1.0691227322919272
5298,1.0911622937565861
5299,1.0691211073138047
5300,1.0136969075173181
5301,1.011270196968278
5302,1.003217282201345
5303,1.0065752953305778
5304,1.0146742592016633
5305,1.0351867831960162
5306,1.0010180188254123
5307,1.0650730154739332
5308,1.02348130535899
5309,1.0091302138137246
5310,1.0238447187401856
5311,1.0158942092956897
5312,1.0023990009162744
5313,1.016694791345589
5314,1.0119467677320122
5315,1.08623546294348
5316,1.0210671195922993
5317,1.059488370184742
5318,1.1248222050278318
5319,1.0511671365488313
5320,1.0151426679456053
5321,1.8751480572338832
5322,1.019160866709139
5323,1.0005042529919868
5324,1.0471113587174237
5325,1.0056766224630755
5326,1.043382609502743
5327,1.0655774938485818
5328,1.106509938505011
5329,1.1746042230321831
5330,1.0645897553708645
5331,1.031112638491748
5332,1.10111440231539
5333,1.0356838422086048
5334,1.0079981768919315
5335,1.017397964777807
5336,1.0032755192880527
5337,1.0293490123218734
5338,1.9845346478903867
5339,1.0030499958398669
5340,1.0220682967886554
5341,1.0076565717335138
5342,1.0332528824521374
5343,1.0044344258442799
5344,1.006846910631017
5345,1.0015791620038814
5346,1.000934148742992
5347,1.0138590433607284
5348,1.214743068438107
5349,1.0035433286142714
5350,1.093535518370523
5351,1.011183497791432
5352,1.102939345612844
5353,1.0025038709718848
5354,1.0007792530466921
5355,1.040544408170198
5356,1.0226423187777929
5357,1.0157254828236748
5358,1.0618902641987051
5359,1.3833237483801888
5360,1.0010202521988478
5361,1.1122813684983683
5362,1.0097214452351906
5363,1.0007792530466921
5364,1.065586441331864
5365,1.0620233314892107
5366,1.0209866064349329
5367,1.0182326052135409
5368,1.002139530447731
5369,1.0013215122868522
5370,1.0179560683021143
5371,1.001704827519342
5372,1.0085071758169257
5373,1.004345169872391
5374,1.0140566143703904
5375,1.0278047360068145
5376,1.0079991381943623
5377,1.0059526111947583
5378,1.0251560776064652
5379,1.0177685621801722
5380,1.5390186188073576
5381,1.0382574211994053
5382,1.0254965506007765
5383,1.5393436160588831
5384,1.009086418884177
5385,1.0981277133275702
5386,1.008847327388225
5387,1.0205846776485894
5388,1.0084092088167136
5389,1.004296162392087
5390,1.8717453679835931
5391,1.0133277389230106
5392,1.0146220168273383
5393,1.0009938653819401
5394,1.0010667295220126
5395,1.0199651173729605
5396,1.0006053941882698
5397,1.0952549837744217
5398,1.0072652972035407
5399,1.0226396063180598
5400,1.006967995983731
5401,1.0245593410284155
5402,1.0467492638420324
5403,1.0019159403133802
5404,1.0211588858977967
5405,1.009582627014156
5406,1.0193439547877188
5407,1.024410932433102
5408,2.0229318743856215
5409,1.3402981224047763
5410,1.0217098719985394
5411,1.0088913515398754
5412,1.0020855181546373
5413,2.3037751087250142
5414,1.046025422411844
5415,1.0143852253923042
5416,1.3383850930225558
5417,1.0051604809029482
5418,1.0373124117149648
5419,1.039135057711951
5420,1.0239272214536914
5421,1.0014568445946148
5422,1.045077699087279
5423,1.0142776284518626
5424,1.068063643223065
5425,1.1053474413794702
5426,1.0225082034995203
5427,1.0013324041026934
5428,2.0984048055914415
5429,1.1124884668799095
5430,1.0178873771414383
5431,1.0999299558390732
5432,1.002631465544138
5433,1.011638717726536
5434,1.0025827648457755
5435,1.0036227606556594
5436,1.0543104032622204
5437,1.0214796591584623
5438,1.0052171159412389
5439,1.0097214085605126
5440,1.0366253290425638
5441,1.0024741620595237
5442,1.0005172129076927
5443,1.0033802626116564
5444,1.0169060999480433
5445,1.0046695283471028
5446,1.0024368102136811
5447,1.0221137764975101
5448,1.0464906456167113
5449,1.018357870469685
5450,1.0008771469071067
5451,1.0114286713328726
5452,1.0005889582935077
5453,1.0179704199155513
5454,1.0032680321840215
5455,1.005163019687045
5456,1.0067548684038827
5457,1.012456643172852
5458,1.0029086748589093
5459,1.1341463701656676
5460,1.014336134212714
5461,1.00073805363123
5462,1.0018763611484627
5463,1.0049869680537742
5464,1.0024368102136811
5465,1.008434930701647
5466,1.5001821152372026
5467,1.0024666734667902
5468,1.0030036332287928
5469,1.000806989615935
5470,1.0074954653184691
5471,1.0074823807643263
5472,1.0049146484819873
5473,1.0080652609161365
5474,1.0075528362212978
5475,1.0008771469071067
5476,1.0061983311283953
5477,1.0140897033927208
5478,1.0018877018629377
5479,1.0119027374787637
5480,1.005778096560066
5481,1.000474939908621
5482,1.012976685027219
5483,1.0936931344754068
5484,1.0110592826428815
5485,1.0005946155823724
5486,1.0012119052685244
5487,1.0044837422374744
5488,1.000448972045309
5489,1.0185751196816777
5490,1.2130593514508994
5491,1.380810366819174
5492,1.0805494983747048
5493,1.0039928425151823
5494,1.0003672310642138
5495,1.0199020353664008
5496,1.0088250994684376
5497,1.0134217392885423
5498,1.0054724520519127
5499,1.0554562858462226
5500,1.000424864272764
5501,1.000424864272764
5502,1.0116067553864578
5503,1.0043479909502506
5504,1.0220557892240392
5505,1.0277436290420616
5506,1.039175391274603
5507,1.0315650978551334
5508,1.059997678408131
5509,1.0058235923581382
5510,1.0037488909227419
5511,1.000424864272764
5512,1.0146747742208226
5513,1.014684369689811
5514,1.0080295839803148
5515,1.0133246264897648
5516,1.0168027214089923
5517,1.019275741436258
5518,1.0812771097935912
5519,1.0154556481704113
5520,1.0007344123332673
5521,1.015074974916155
5522,1.1056845133197029
5523,1.001458327322736
5524,1.0071973265126661
5525,1.0005494722002668
5526,1.0180030583121327
5527,1.0005154264657952
5528,1.042800494426683
5529,1.0066270408837654
5530,1.0496836616793894
5531,1.0228369984559444
5532,1.0325815403377376
5533,1.01055456255641
5534,1.0394697315991444
5535,1.0111439559269235
5536,1.0083179994625942
5537,1.0119906641825869
5538,1.0103053215878097
5539,1.0608011289940353
5540,1.0062083510689284
5541,1.029714825652307
5542,1.0005494722002668
5543,1.0353332431114826
5544,1.0004233967011158
5545,1.004328682252556
5546,1.0260163921651497
5547,1.0005475743467747
5548,1.0700078120878496
5549,1.1405218707611144
5550,1.0115819173178586
5551,1.0010172807003745
5552,1.0040153286377393
5553,1.0119750227435609
5554,1.935222701658632
5555,1.15825847997593
5556,1.1447615282735006
5557,1.0075498841554396
5558,1.0013703567747132
5559,1.0206125693124288
5560,1.0134047459061253
5561,1.0013703567747132
5562,1.0511076987417103
5563,1.020373961677563
5564,1.0378100892979563
5565,1.0410412435471377
5566,1.0117952785315631
5567,1.0238559437533403
5568,1.0269594316927582
5569,1.0007741436874023
5570,1.000917822222455
5571,1.0492607028490124
5572,1.0010476870313938
5573,1.0099825857835985
5574,1.1707610788943872
5575,1.1187362765050375
5576,1.059806550073717
5577,1.0144515402809764
5578,1.0241149465707606
5579,1.0247767049497756
5580,1.0013703567747132
5581,1.0004926145674824
5582,1.0004926145674824
5583,1.0153027807794262
5584,1.0003808981820916
5585,1.0576496062931031
5586,1.0214733728085534
5587,1.0039010560541612
5588,1.0004926145674824
5589,1.0114348610127257
5590,1.0004926145674824
5591,1.000465680596041
5592,1.0176986344636187
5593,1.0055481686082868
5594,1.0006167428233494
5595,1.0012569885530753
5596,1.000465300235732
5597,1.0540061396997011
5598,1.0003822184861761
5599,1.0005709204604756
5600,1.0004926145674824
5601,1.0003822184861761
5602,1.0060905184771212
5603,1.0114371537754616
5604,1.0010938699595717
5605,1.0591338319710768
5606,1.005849802858808
5607,1.0003808981820916
5608,1.0007891218558749
5609,1.0078116250642863
5610,1.1594572126321951
5611,1.0241771655269514
5612,1.0187974231474297
5613,1.0667885319417691
5614,1.0035280490537273
5615,1.0003808981820916
5616,1.1061508654878558
5617,1.0047273362578057
5618,1.0153726318174694
5619,1.0245996126759094
5620,1.0409600608748966
5621,1.0209505083250876
5622,1.0168663807083147
5623,1.1709038806535566
5624,1.0010938699595717
5625,1.0309902998826987
5626,1.0003822184861761
5627,1.1843120586577738
5628,1.0048347155320907
5629,1.0658908434173793
5630,1.00228643195464
5631,1.0142829155018362
5632,1.0174288223674361
5633,1.0004926145674824
5634,1.00631972320561
5635,1.0118817521580814
5636,1.3475320189736464
5637,1.005825400748337
5638,1.008987356315277
5639,1.000961520563272
5640,1.0060952254815698
5641,1.0004926145674824
5642,1.076452648548782
5643,1.082313513280392
5644,1.015692351778277
5645,1.0004943219418045
5646,1.0104315190933482
5647,1.042964423685228
5648,1.0017331667037377
5649,1.0022631752683746
5650,1.0306352463831283
5651,1.0287165014605815
5652,1.0007741436874023
5653,1.0516092566012603
5654,1.0245513162778457
5655,1.000445189767504
5656,1.0071753961817358
5657,1.0029043253172039
5658,1.0029981298763468
5659,1.103027063106595
5660,1.0103137626177665
5661,1.0050311054852041
5662,1.0252999400325928
5663,1.000725940953843
5664,1.0051416709779808
5665,1.0359893620665317
5666,1.1869437331800867
5667,1.0125024127821767
5668,1.005593061181073
5669,1.0144268940622434
5670,1.005936787177698
5671,1.0118021687095384
5672,1.0280783605721096
5673,1.000365399093057
5674,1.0004709386269786
5675,1.0038161313078051
5676,1.007735855388276
5677,1.0025858823348548
5678,1.004457632816885
5679,1.0166807001118368
5680,1.0007776853426615
5681,1.033051067246396
5682,1.0076213048059626
5683,1.0020359816800342
5684,1.0058974762458022
5685,1.000589606992477
5686,1.0033097160590059
5687,1.0011191140018123
5688,1.0021006126609273
5689,1.0012943077444283
5690,1.0084629599258508
5691,1.0004512405744634
5692,1.0147426163415916
5693,1.0043577207364738
5694,1.0139649008257872
5695,1.0847161433641739
5696,1.086625482054027
5697,1.0017956899916882
5698,1.0103748984423715
5699,1.0004297963355324
5700,1.0006625284927275
5701,1.0085909496630165
5702,1.0173069135283845
5703,1.0008008029346833
5704,1.0004297963355324
5705,1.0006885057143824
5706,1.0098123113101005
5707,1.0116157603261802
5708,1.0004059646337269
5709,1.0009731960216712
5710,1.0022875833683191
5711,1.0004512405744634
5712,1.0004045623378717
5713,1.0064924537982294
5714,1.007939112061163
5715,1.0016813946021967
5716,1.0004059646337269
5717,1.0118953094472531
5718,1.099738927866643
5719,1.000576458602304
5720,1.0068479580416319
5721,1.006293496710989
5722,1.0004512405744634
5723,1.0008008029346833
5724,1.0004512405744634
5725,1.052811059641759
5726,1.0015525545454858
5727,1.0027365088724194
5728,1.0003334754460294
5729,1.0254064572553836
5730,1.0496586316587297
5731,1.0003323235405324
5732,1.0021538672045716
5733,1.0005070619999814
5734,1.018792189419893
5735,1.0013495898795557
5736,1.0007740208324192
5737,1.0008008029346833
5738,1.0028667648076621
5739,1.0032181999365064
5740,1.000431286103252
5741,1.0004581418135532
5742,1.00040770479003
5743,1.0072190804994483
5744,1.00067543739564
5745,1.0006956863464467
5746,1.0037103079175094
5747,1.0003334754460294
5748,1.0007306866440213
5749,1.0027559202725
5750,1.0172280762367891
5751,1.0112951686592855
5752,1.0004297963355324
5753,1.015480039444527
5754,1.0124463182106818
5755,1.0018582407416299
5756,1.0466461753949947
5757,1.0028036261031983
5758,1.0042062593621663
5759,1.0003334754460294
5760,1.0003334754460294
5761,1.029567183357777
5762,1.000431286103252
5763,1.0011941395490482
5764,1.0112878552824431
5765,1.0327023365617367
5766,1.00040770479003
5767,1.005865696234848
5768,1.0042742900858306
5769,1.0003323235405324
5770,1.002956125948601
5771,1.0094772721835987
5772,1.0007291651501506
5773,1.0007097544815262
5774,1.0004297963355324
5775,1.0004059646337269
5776,1.0005381003336853
5777,1.042424135464591
5778,1.0033583053604995
5779,1.0003747311086975
5780,1.0623531203185543
5781,1.0003334754460294
5782,1.046382522921193
5783,1.0081302904071636
5784,1.0425311151145469
5785,1.0181016454036451
5786,1.0003334754460294
5787,1.0020812340114336
5788,1.0108953726649497
5789,1.2477690126101255
5790,1.0179657858145266
5791,1.003275065649996
5792,1.0002794571463673
5793,1.007069099071031
5794,1.0008008029346833
5795,1.1359749291374794
5796,1.0004294127569537
5797,1.0070525854922048
5798,1.0073064191702934
5799,1.0546343435675942
5800,1.0054339949875526
5801,1.0011546152380117
5802,1.01443110108131
5803,1.001427254379844
5804,1.0005141856549233
5805,1.0003416644184628
5806,1.0005553545963624
5807,1.0003416644184628
5808,1.0009066124446078
5809,1.0036906034566397
5810,1.0060600637956936
5811,1.002069542887339
5812,1.0030332191114337
5813,1.0026772420246886
5814,1.0092188207158699
5815,1.2300160239291653
5816,1.0002794571463673
5817,1.0728156720072337
5818,1.0168322919656678
5819,1.018814650233111
5820,1.001797496854646
5821,1.000970649758105
5822,1.0554891765437755
5823,1.0005948023653566
5824,1.0005777912786782
5825,1.827056812073152
5826,1.000452876046511
5827,1.051812828270583
5828,1.0020683277965932
5829,1.0259187393748803
5830,1.0177954858595544
5831,1.0005830121582677
5832,1.0065770019530056
5833,1.001934727781154
5834,1.008926775205821
5835,1.000865811980422
5836,1.0068176154570219
5837,1.0041324562101268
5838,1.0111563968179098
5839,1.0087771219785429
5840,1.0002794571463673
5841,1.155026704889328
5842,1.0006404478253792
5843,1.0092188207158699
5844,1.0653896299292434
5845,1.0215730494974946
5846,1.0002794571463673
5847,1.000493536449088
5848,1.0076489918746159
5849,1.004134415395753
5850,1.0003334754460294
5851,1.0002794571463673
5852,1.0002794571463673
5853,1.0045843381414132
5854,1.0183883474435247
5855,1.0211945862230123
5856,1.0053855125662177
5857,1.0003402060814626
5858,1.005011378838896
5859,1.000789944921241
5860,1.0003402060814626
5861,1.0002794571463673
5862,1.0003601782425933
5863,1.0558517970748729
5864,1.0209080715725611
5865,1.0089601319055919
5866,1.0046559859981967
5867,1.0005891352325456
5868,1.0022877544236055
5869,1.0003416644184628
5870,1.0016068763753698
5871,1.0003781495922177
5872,1.023623798304483
5873,1.0151970237911727
5874,1.0009066124446078
5875,1.0035985254355366
5876,1.0002794571463673
5877,1.0003390309063704
5878,1.241450692824228
5879,1.0003402060814626
5880,1.0002794571463673
5881,1.0752387868834705
5882,1.0065407922735778
5883,1.036614099191733
5884,1.0004830899437813
5885,1.0002784917941159
5886,1.0014434038424551
5887,1.0003601782425933
5888,1.0245244657858488
5889,1.0069624188310538
5890,1.0352553787445882
5891,1.011706923131044
5892,1.014831738725242
5893,1.0016813946021967
5894,1.0003781495922177
5895,1.0009169936336442
5896,1.0008155942701333
5897,1.0142894428786615
5898,1.3332167701136266
5899,1.0004904856822903
5900,1.0002794571463673
5901,1.00040770479003
5902,1.0221777454603358
5903,1.0017222160690855
5904,1.4809929895686298
5905,1.0074083241709655
5906,1.0002794571463673
5907,1.0010817925995021
5908,1.0140840745183275
5909,1.0002794571463673
5910,1.0010610473049308
5911,1.0337976369370225
5912,1.048768711946751
5913,1.0009191499352061
5914,1.1152273392341585
5915,1.0002794571463673
5916,1.0005198018709596
5917,1.0003917632581216
5918,1.0003416644184628
5919,1.005984598195107
5920,1.0059389157068728
5921,1.0846396279114836
5922,1.0002418266527542
5923,1.0108838924488457
5924,1.0011674688916898
5925,1.0005227229144449
5926,1.0002418266527542
5927,1.0067985757387883
5928,1.005733082858999
5929,1.0100930694773143
5930,1.0061658847295447
5931,1.001150633324175
5932,1.0068176154570219
5933,1.1152901909708308
5934,1.0172440603463397
5935,1.0881878431166885
5936,1.0002418266527542
5937,1.0002418266527542
5938,1.0124343272429313
5939,1.0010827565127198
5940,1.0047411981872767
5941,1.0007784281260241
5942,1.0427867503263661
5943,1.0003271668829479
5944,1.003728729757951
5945,1.0004426666554922
5946,1.0002121771194907
5947,1.0037169168202091
5948,1.0011809011617572
5949,1.0002583023756026
5950,1.0011809011617572
5951,1.2161674806376794
5952,1.0002121771194907
5953,1.000697916030063
5954,1.00027534299389
5955,1.0009250127148956
5956,1.0010243882354857
5957,1.0002121771194907
5958,1.0013660779038995
5959,1.0002583023756026
5960,1.0005340396871114
5961,1.2373257411501968
5962,1.0082858152536014
5963,1.0007784281260241
5964,1.0002114443626977
5965,1.0002121771194907
5966,1.0005978340555046
5967,1.1071521125641832
5968,1.0027339934936397
5969,1.0072809779507692
5970,1.0159186252962753
5971,1.0017739579762424
5972,1.0002762974552624
5973,1.00027534299389
5974,1.00027534299389
5975,1.000697916030063
5976,1.0010243882354857
5977,1.0002583023756026
5978,1.0072809779507692
5979,1.0002121771194907
5980,1.0220816269369704
5981,1.0096145855783651
5982,1.4549704275019306
5983,1.0120906625729762
5984,1.0012202129773977
5985,1.0036422705323549
5986,1.001049426118863
5987,1.0008293094287375
5988,1.0002583023756026
5989,1.0002121771194907
5990,1.0038001478494185
5991,1.0002121771194907
5992,1.0012202129773977
5993,1.0848117952706684
5994,1.0002594096554498
5995,1.0077206579327098
5996,1.125154091366967
5997,1.4367223617158944
5998,1.0002114443626977
5999,1.0002531920370645
6000,1.0002121771194907
6001,1.001288570382391
6002,1.0148650477444787
6003,1.0004649407818333
6004,1.0521853725198702
6005,1.0080865923876474
6006,1.0416113331637202
6007,1.0085333454145624
6008,1.0003667941718477
6009,1.0002871125158679
6010,1.0002845169057966
6011,1.0008000139391104
6012,1.0002583023756026
6013,1.0003271668829479
6014,1.0005340396871114
6015,1.0002594096554498
6016,1.0002594096554498
6017,1.043001739208529
6018,1.0256887989930887
6019,1.0080091014345791
6020,1.1003700806670111
6021,1.0450701774175308
6022,1.0121464254272048
6023,1.0157699547022323
6024,1.000489615226024
6025,1.0178715611410896
6026,1.000701054219585
6027,1.0037580285374934
6028,1.00115944810106
6029,1.009128567240356
6030,1.0006574119244067
6031,1.0002583023756026
6032,1.0002531920370645
6033,1.0021442910663796
6034,1.0002583023756026
6035,1.0013338466628543
6036,1.0014560159093402
6037,1.0002121771194907
6038,1.0002845169057966
6039,1.0151178016743676
6040,1.0064983564290333
6041,1.0002583023756026
6042,1.0030110202763705
6043,1.0071458822810915
6044,1.0013734534738792
6045,1.0030719507814245
6046,1.0027540349853985
6047,1.0325387739908594
6048,1.00463791391103
6049,1.0047919202187243
6050,1.0003426103545476
6051,1.000394670068904
6052,1.0111586880076966
6053,1.001245666517336
6054,1.0002121771194907
6055,1.0183164917600056
6056,1.0011809011617572
6057,1.0137520196161702
6058,1.0062391925894987
6059,1.0073097148165655
6060,1.0002762974552624
6061,1.0008807514387128
6062,1.0004925185357707
6063,1.003671719384799
6064,1.0002531920370645
6065,1.00027534299389
6066,1.0071697761393614
6067,1.0040889216602888
6068,1.0101991904284584
6069,1.0002845169057966
6070,1.0002121771194907
6071,1.0048573641622258
6072,1.0017084831350973
6073,1.00027534299389
6074,1.0568100703453873
6075,1.004659185488556
6076,1.0002121771194907
6077,1.0011826527187198
6078,1.0069866881576264
6079,1.0002121771194907
6080,1.0002121771194907
6081,1.0418790348496798
6082,1.0345198998542644
6083,1.0002871125158679
6084,1.24687791681799
6085,1.0048481812119006
6086,1.0002121771194907
6087,1.006896724792047
6088,1.0002121771194907
6089,1.0107617869443792
6090,1.0002121771194907
6091,1.0002583023756026
6092,1.0016693908480183
6093,1.0002121771194907
6094,1.016405268120692
6095,1.0035134790829936
6096,1.0003772965861144
6097,1.0148933275270238
6098,1.0105279480616418
6099,1.0439292978940333
6100,1.0007787480513943
6101,1.0015896165723708
6102,1.0212905661606049
6103,1.00990335015766
6104,1.0012468525194622
6105,1.2186169267233569
6106,1.0535466219894867
6107,1.0002762974552624
6108,1.003525108079286
6109,1.0184722676883058
6110,1.0062125788249972
6111,1.0270456288268401
6112,1.0010176031493097
6113,1.0002121771194907
6114,1.002857636240428
6115,1.0036127129518957
6116,1.00027534299389
6117,1.123324771977296
6118,1.0002845169057966
6119,1.023241746873525
6120,1.000346365721768
6121,1.0046926294041734
6122,1.0676220904468026
6123,1.0005807838372596
6124,1.0003095534307813
6125,1.0002531920370645
6126,1.00027534299389
6127,1.00027534299389
6128,1.0002871125158679
6129,1.004171723882449
6130,1.0030719507814245
6131,1.0002583023756026
6132,1.0002121771194907
6133,1.0002871125158679
6134,1.0002583023756026
6135,1.000437690825303
6136,1.0002121771194907
6137,1.0045056457677193
6138,1.0136277107902774
6139,1.010867429289559
6140,1.0020341397412582
6141,1.0003667941718477
6142,1.0002531920370645
6143,1.0012183855925665
6144,1.0367884304655572
6145,1.0005935665813597
6146,1.0124695943130841
6147,1.0002845169057966
6148,1.00027534299389
6149,1.04067972026567
6150,1.0002121771194907
6151,1.0162956841177433
6152,1.0009011704106439
6153,1.0008653491202597
6154,1.0002548235464495
6155,1.0007787480513943
6156,1.0001992039220793
6157,1.0005653764670026
6158,1.0006670454394362
6159,1.0003474662573242
6160,1.0049331462418072
6161,1.0032692337796316
6162,1.0071224626572843
6163,1.0005998133692038
6164,1.000224107926452
6165,1.000386219325646
6166,1.0094344746891803
6167,1.0003489560480137
6168,1.0077499108689139
6169,1.0012258115933632
6170,1.0134309095098635
6171,1.0006382160565066
6172,1.0110592930007272
6173,1.0023699163755506
6174,1.000234323383642
6175,1.003380128748739
6176,1.000260234177413
6177,1.0001963647330916
6178,1.000804261263876
6179,1.0048088936376347
6180,1.0002557068985123
6181,1.000195686189818
6182,1.0931424978110085
6183,1.000259123141286
6184,1.0001963647330916
6185,1.0003857315027518
6186,1.0010157943135112
6187,1.003333699484878
6188,1.0002548235464495
6189,1.0001963647330916
6190,1.0001963647330916
6191,1.000259123141286
6192,1.000300514808292
6193,1.0010565159353157
6194,1.001807925478691
6195,1.0375925448562688
6196,1.0003474662573242
6197,1.0033165423778672
6198,1.0004530546502717
6199,1.0141604570416942
6200,1.0002548235464495
6201,1.0074994976848444
6202,1.0103191456812786
6203,1.0017483792852715
6204,1.000224107926452
6205,1.053347733572856
6206,1.030134564280818
6207,1.0001963647330916
6208,1.0002633138776116
6209,1.0001963647330916
6210,1.000288024804873
6211,1.0009164811114333
6212,1.0001963647330916
6213,1.0001963647330916
6214,1.0145138174730002
6215,1.0013691224809371
6216,1.0275776075903078
6217,1.0433464813638103
6218,1.000386219325646
6219,1.1071868493366899
6220,1.0002557068985123
6221,1.001451173803535
6222,1.0017992343291156
6223,1.0049859169633262
6224,1.0002633138776116
6225,1.0003474662573242
6226,1.0089900222269956
6227,1.000260234177413
6228,1.0053319535737764
6229,1.0005195930298096
6230,1.1583318519935066
6231,1.000224107926452
6232,1.0004840508346202
6233,1.0287838097783646
6234,1.047275388239979
6235,1.0002633138776116
6236,1.0412040933403985
6237,1.0025230262437383
6238,1.001536270172142
6239,1.000234323383642
6240,1.0001963647330916
6241,1.0004168603790666
6242,1.0406071794749852
6243,1.0017992343291156
6244,1.0025382524542372
6245,1.003573325773541
6246,1.0077499108689139
6247,1.0006200145441981
6248,1.000386219325646
6249,1.000288024804873
6250,1.0002582279961112
6251,1.0002633138776116
6252,1.000349180545988
6253,1.000195686189818
6254,1.0002633138776116
6255,1.0004168603790666
6256,1.0028540656261218
6257,1.0070929198251122
6258,1.0003489560480137
6259,1.0451137002924777
6260,1.0001963647330916
6261,1.000234323383642
6262,1.0005954528736265
6263,1.0001992039220793
6264,1.0001963647330916
6265,1.000481984425454
6266,1.000349180545988
6267,1.0463928567787506
6268,1.0001963647330916
6269,1.0002633138776116
6270,1.0010565159353157
6271,1.0002548235464495
6272,1.0007157335235795
6273,1.0003474662573242
6274,1.000365259605665
6275,1.0077499108689139
6276,1.0003718250546028
6277,1.000435859656842
6278,1.000224107926452
6279,1.016553713596277
6280,1.14412285700283
6281,1.0003009320207141
6282,1.0008653491202597
6283,1.000224107926452
6284,1.0217527760010658
6285,1.000386219325646
6286,1.000195686189818
6287,1.0208666500895176
6288,1.000234323383642
6289,1.000349180545988
6290,1.0144402369766437
6291,1.004833184523141
6292,1.0004531220561663
6293,1.009064370830065
6294,1.000234323383642
6295,1.06491274807479
6296,1.0003265118036229
6297,1.000234323383642
6298,1.0008524725470465
6299,1.000365259605665
6300,1.0001963647330916
6301,1.0003952818110136
6302,1.0063526235027176
6303,1.0002707756180016
6304,1.0012040784198868
6305,1.0035812556133203
6306,1.0002633138776116
6307,1.000224107926452
6308,1.0004174804910322
6309,1.0005036560045517
6310,1.0088771260463407
6311,1.007701142682403
6312,1.0001963647330916
6313,1.0002633138776116
6314,1.001167015041291
6315,1.000476976544935
6316,1.0246953095131957
6317,1.0002436046006302
6318,1.033830673026788
6319,1.0008860731145832
6320,1.0022814944725518
6321,1.0001963647330916
6322,1.000234323383642
6323,1.0119233076242575
6324,1.001691558707143
6325,1.0147915419545612
6326,1.0002446488972188
6327,1.0008871211405492
6328,1.0002436046006302
6329,1.0002446488972188
6330,1.001089972780438
6331,1.006993952610633
6332,1.0001963647330916
6333,1.0004531220561663
6334,1.0011355384423084
6335,1.0002427630625006
6336,1.004206151341957
6337,1.000430294952965
6338,1.0030068213851675
6339,1.0002436046006302
6340,1.001522450477443
6341,1.0003280581012843
6342,1.0020437337247081
6343,1.015889495710826
6344,1.0011355384423084
6345,1.0092980674933325
6346,1.0046879822960022
6347,1.0062591963666638
6348,1.0002633138776116
6349,1.000840615279783
6350,1.0001963647330916
6351,1.00589164739959
6352,1.0002633138776116
6353,1.0001963647330916
6354,1.0002633138776116
6355,1.0001963647330916
6356,1.0001963647330916
6357,1.000326657836113
6358,1.0004298508704372
6359,1.000326657836113
6360,1.000780877083938
6361,1.0005082471272109
6362,1.046597488954646
6363,1.0001963647330916
6364,1.0114493326339162
6365,1.000206879490927
6366,1.0075775786454186
6367,1.045746265441981
6368,1.0001733661715275
6369,1.0285738283678039
6370,1.0002324752520577
6371,1.1179836913477592
6372,1.0005020024834146
6373,1.000322482963121
6374,1.0002884010511857
6375,1.0007489762065842
6376,1.0005020024834146
6377,1.0001978605427564
6378,1.0006420930133035
6379,1.0006731225469754
6380,1.0029646013201066
6381,1.00021507378757
6382,1.0002257588341457
6383,1.0006420930133035
6384,1.0003171703393563
6385,1.0248466417804643
6386,1.0002884010511857
6387,1.0010155251209871
6388,1.0004788593271017
6389,1.0085621278719474
6390,1.0002366542324506
6391,1.0010894918108475
6392,1.0002105984123568
6393,1.0002683302372615
6394,1.0001733661715275
6395,1.0020841476561204
6396,1.0005831513556933
6397,1.0353127283738133
6398,1.0024792858165927
6399,1.0015693608430065
6400,1.0002324752520577
6401,1.0097414030402558
6402,1.0010949797959863
6403,1.0001733661715275
6404,1.000742094543238
6405,1.0034717243607896
6406,1.0001733661715275
6407,1.0004476279520003
6408,1.0028096882848758
6409,1.1015459075194998
6410,1.0002233339698001
6411,1.0001733661715275
6412,1.0001733661715275
6413,1.0087395878964283
6414,1.0003795113522567
6415,1.0079464528505246
6416,1.000195686189818
6417,1.0001733661715275
6418,1.000257749027252
6419,1.002362527748342
6420,1.0006420930133035
6421,1.0001733661715275
6422,1.0002324752520577
6423,1.0002159959956438
6424,1.0002896375936658
6425,1.0029836829608856
6426,1.0002159959956438
6427,1.0024255429881785
6428,1.00252478738471
6429,1.0004513886051158
6430,1.0001733661715275
6431,1.019070942748782
6432,1.0002257588341457
6433,1.0074722575926722
6434,1.0006731225469754
6435,1.0006894436781346
6436,1.0001733661715275
6437,1.0002366542324506
6438,1.0001733661715275
6439,1.0001733661715275
6440,1.0005020024834146
6441,1.00021507378757
6442,1.0136421486488654
6443,1.00640536519303
6444,1.00021507378757
6445,1.0002896375936658
6446,1.0007423970399814
6447,1.0029836829608856
6448,1.0040027848574793
6449,1.0001733661715275
6450,1.0001733661715275
6451,1.0001733661715275
6452,1.0003251181202202
6453,1.000206879490927
6454,1.0131475657318392
6455,1.0009562918240917
6456,1.0712038924568978
6457,1.000206879490927
6458,1.0002896375936658
6459,1.000206879490927
6460,1.0007423970399814
6461,1.0005141755798204
6462,1.0038897034185688
6463,1.0002324752520577
6464,1.0077961833729399
6465,1.0023160326207534
6466,1.0381064289978896
6467,1.0001764826890913
6468,1.0002324752520577
6469,1.0002257588341457
6470,1.0008689659601249
6471,1.0001733661715275
6472,1.000571410557709
6473,1.0001733661715275
6474,1.0003205677520435
6475,1.000206879490927
6476,1.0013928459483115
6477,1.0001733661715275
6478,1.00021507378757
6479,1.0007177051485756
6480,1.000206879490927
6481,1.0010042410084066
6482,1.0001733661715275
6483,1.0001733661715275
6484,1.0001733661715275
6485,1.0003044874892695
6486,1.0206030204379433
6487,1.0024986581590276
6488,1.0002472002424119
6489,1.0006420930133035
6490,1.005325534401388
6491,1.0002472002424119
6492,1.0003044874892695
6493,1.0003853306467312
6494,1.0002569916671271
6495,1.0882456520628248
6496,1.0002569916671271
6497,1.003424250980153
6498,1.0002071558598946
6499,1.0002777839376513
6500,1.0055271081117663
6501,1.0003066681196306
6502,1.0088585063622917
6503,1.0002697589502327
6504,1.0002472002424119
6505,1.0002071558598946
6506,1.0003446080873897
6507,1.0064041870226588
6508,1.009105514555491
6509,1.0002777839376513
6510,1.0002071558598946
6511,1.0009089444959247
6512,1.0018459551888925
6513,1.0041252063213821
6514,1.0006420930133035
6515,1.0002580935890362
6516,1.001084575025929
6517,1.0003460856168693
6518,1.0004989985713495
6519,1.0440785077274135
6520,1.0002071558598946
6521,1.000236423733812
6522,1.0008237777518993
6523,1.0081336150380615
6524,1.0003853306467312
6525,1.0011998746216737
6526,1.003262456603006
6527,1.0002472002424119
6528,1.0002071558598946
6529,1.0002777839376513
6530,1.0002071558598946
6531,1.0244678912210559
6532,1.0002777839376513
6533,1.0011998746216737
6534,1.0003170288498882
6535,1.0003170288498882
6536,1.0002777839376513
6537,1.006339348069651
6538,1.0059360817286616
6539,1.0002338258536438
6540,1.0002472002424119
6541,1.0002697589502327
6542,1.0015261377238895
6543,1.0002071558598946
6544,1.00059055546358
6545,1.0003446080873897
6546,1.0003446080873897
6547,1.0002071558598946
6548,1.000602498239012
6549,1.0024898928611956
6550,1.002697317400963
6551,1.0003446080873897
6552,1.0002472002424119
6553,1.0093317541931035
6554,1.0008906222391956
6555,1.0083084904915451
6556,1.000614370158256
6557,1.0002697589502327
6558,1.0002071558598946
6559,1.0002472002424119
6560,1.0112183172706726
6561,1.0655717379651524
6562,1.0053574551146742
6563,1.0003789828882874
6564,1.0004788593271017
6565,1.0002597891223637
6566,1.0148710287771652
6567,1.0002071558598946
6568,1.0004839423994987
6569,1.0182304260155526
6570,1.0004208951317326
6571,1.0003044874892695
6572,1.0006420930133035
6573,1.0002777839376513
6574,1.000614370158256
6575,1.0007269254361615
6576,1.0002777839376513
6577,1.0002338258536438
6578,1.0032965924267823
6579,1.0003483594734959
6580,1.0003483594734959
6581,1.0003786633818614
6582,1.0002472002424119
6583,1.0002071558598946
6584,1.0012186957512188
6585,1.0155580754076552
6586,1.0002777839376513
6587,1.0004680739022442
6588,1.0002777839376513
6589,1.0003786633818614
6590,1.0029119771326758
6591,1.0002338258536438
6592,1.0002071558598946
6593,1.0571107169571117
6594,1.000459809325816
6595,1.0003099607486037
6596,1.000283600311402
6597,1.0002777839376513
6598,1.0016060581767556
6599,1.0003044874892695
6600,1.0034496602065544
6601,1.0002338258536438
6602,1.000804277808147
6603,1.0002777839376513
6604,1.0002777839376513
6605,1.000662030662365
6606,1.0008237777518993
6607,1.001626560101104
6608,1.00970450261617
6609,1.0007177051485756
6610,1.0002071558598946
6611,1.0016060581767556
6612,1.000283600311402
6613,1.0045788233090809
6614,1.0036171835706145
6615,1.000380286914616
6616,1.0003922568196606
6617,1.0003044874892695
6618,1.000283600311402
6619,1.0003853306467312
6620,1.0277254680326946
6621,1.0002071558598946
6622,1.0007438826713775
6623,1.0002777839376513
6624,1.0002472002424119
6625,1.0002777839376513
6626,1.0012186957512188
6627,1.0002071558598946
6628,1.0002071558598946
6629,1.0032062472550616
6630,1.0002777839376513
6631,1.0017552094419466
6632,1.0002071558598946
6633,1.000417230180977
6634,1.0041646392407881
6635,1.0003044874892695
6636,1.0006420930133035
6637,1.0013261362466404
6638,1.0002071558598946
6639,1.0006420930133035
6640,1.0003172889168621
6641,1.0010212358636255
6642,1.004974719595608
6643,1.001132830464439
6644,1.0048262622581257
6645,1.0002697589502327
6646,1.039923640235481
6647,1.0048861086259837
6648,1.0240802733898549
6649,1.0002071558598946
6650,1.000236617451059
6651,1.0002777839376513
6652,1.0002338258536438
6653,1.0160343987710465
6654,1.0002777839376513
6655,1.0002835665413847
6656,1.001664119638614
6657,1.0002338258536438
6658,1.0089773354820597
6659,1.0003044874892695
6660,1.0002777839376513
6661,1.000884788033155
6662,1.0066819425268134
6663,1.0003853306467312
6664,1.0002777839376513
6665,1.0003044874892695
6666,1.0014293369934986
6667,1.0002777839376513
6668,1.0061857328991226
6669,1.0002071558598946
6670,1.0002071558598946
6671,1.0010453045458998
6672,1.0014312800628868
6673,1.0002835665413847
6674,1.0010678235954882
6675,1.0002777839376513
6676,1.0002777839376513
6677,1.0010678235954882
6678,1.000236617451059
6679,1.0009284340110272
6680,1.0002376317999495
6681,1.000236617451059
6682,1.0002071558598946
6683,1.0002338258536438
6684,1.0003172889168621
6685,1.0003853306467312
6686,1.0002472002424119
6687,1.03872990821534
6688,1.0002777839376513
6689,1.0002071558598946
6690,1.0123735335151092
6691,1.0002472002424119
6692,1.0010897759406625
6693,1.642138418897369
6694,1.0002777839376513
6695,1.0009376620081618
6696,1.0002472002424119
6697,1.0002682248531305
6698,1.0003172889168621
6699,1.0002777839376513
6700,1.0002777839376513
6701,1.0002376317999495
6702,1.082372816561348
6703,1.0002108797456015
6704,1.0002472002424119
6705,1.0006091211583494
6706,1.0003526768806252
6707,1.0006420930133035
6708,1.0002472002424119
6709,1.000804277808147
6710,1.0002777839376513
6711,1.016925660870533
6712,1.02416133573202
6713,1.0002777839376513
6714,1.0105439944127517
6715,1.0002071558598946
6716,1.0002777839376513
6717,1.0002071558598946
6718,1.0002376317999495
6719,1.000442013363999
6720,1.0002777839376513
6721,1.0002071558598946
6722,1.000442013363999
6723,1.0003044874892695
6724,1.0002952074540967
6725,1.0074806111488945
6726,1.0002777839376513
6727,1.0003186490219471
6728,1.0002777839376513
6729,1.0007171740303513
6730,1.0139090453392987
6731,1.0004788593271017
6732,1.0156804793896665
6733,1.00337376946308
6734,1.000804277808147
6735,1.000440126778659
6736,1.0002777839376513
6737,1.0002697589502327
6738,1.0002376317999495
6739,1.0119909478720417
6740,1.0026720518890682
6741,1.0005437433575666
6742,1.0023722957122772
6743,1.0005437433575666
6744,1.007363149319968
6745,1.0002777839376513
6746,1.0002472002424119
6747,1.0002071558598946
6748,1.0002472002424119
6749,1.0227635467870002
6750,1.0003483594734959
6751,1.0006420930133035
6752,1.0130689800113142
6753,1.0010212358636255
6754,1.0003186490219471
6755,1.0005169060529473
6756,1.0178628228209776
6757,1.0007177051485756
6758,1.0002777839376513
6759,1.0077595539467625
6760,1.0002865840715975
6761,1.0006776015061465
6762,1.0002375565777835
6763,1.0002196176937133
6764,1.001124409731512
6765,1.0006123399111129
6766,1.0005211516520807
6767,1.0002467892821574
6768,1.0052420991883346
6769,1.0001840410355283
6770,1.0002137185536963
6771,1.0003185481741586
6772,1.0017705757154147
6773,1.0002467892821574
6774,1.0002878128679844
6775,1.0002865840715975
6776,1.0039366303470199
6777,1.0002467892821574
6778,1.0002467892821574
6779,1.0001840410355283
6780,1.001424322243431
6781,1.0014791209563667
6782,1.0002467892821574
6783,1.0002865840715975
6784,1.0002196176937133
6785,1.0001840410355283
6786,1.0002467892821574
6787,1.000681247257181
6788,1.0002467892821574
6789,1.000952176286105
6790,1.0005211516520807
6791,1.0002878128679844
6792,1.0002137185536963
6793,1.0002865840715975
6794,1.0003975371747256
6795,1.000207735466475
6796,1.0002865840715975
6797,1.0002705134379661
6798,1.0003423379949696
6799,1.0003423379949696
6800,1.0007795859045003
6801,1.000309491187532
6802,1.0002196176937133
6803,1.0001840410355283
6804,1.0002467892821574
6805,1.0091304045983698
6806,1.0002467892821574
6807,1.0001840410355283
6808,1.0002878128679844
6809,1.000737720554233
6810,1.0002467892821574
6811,1.00159374131922
6812,1.0003423379949696
6813,1.0002467892821574
6814,1.0002865840715975
6815,1.0002196176937133
6816,1.0005211516520807
6817,1.0223212756204836
6818,1.0002467892821574
6819,1.153752073111252
6820,1.0004264269693204
6821,1.0002467892821574
6822,1.0008197126253577
6823,1.0007140274023898
6824,1.0002467892821574
6825,1.0002878128679844
6826,1.0020290551212532
6827,1.0002550314007732
6828,1.007245087687852
6829,1.0002467892821574
6830,1.0005211516520807
6831,1.0002137185536963
6832,1.0002754165304104
6833,1.0025061876047552
6834,1.0002467892821574
6835,1.0002467892821574
6836,1.000242267726176
6837,1.0001840410355283
6838,1.0002865840715975
6839,1.0002865840715975
6840,1.0002467892821574
6841,1.0001840410355283
6842,1.0003423379949696
6843,1.0003740862174904
6844,1.0001840410355283
6845,1.0001840410355283
6846,1.0002865840715975
6847,1.0002137185536963
6848,1.0002467892821574
6849,1.0033565904121617
6850,1.0002396593654947
6851,1.0005211516520807
6852,1.0124838006833525
6853,1.000309491187532
6854,1.0006123399111129
6855,1.0002878128679844
6856,1.0002705134379661
6857,1.0001840410355283
6858,1.0002865840715975
6859,1.0002396593654947
6860,1.0002467892821574
6861,1.0002467892821574
6862,1.0002550314007732
6863,1.0002467892821574
6864,1.006516635400506
6865,1.0007140274023898
6866,1.0088466433871095
6867,1.0252396026261665
6868,1.0002467892821574
6869,1.0001840410355283
6870,1.0499413206229506
6871,1.0001840410355283
6872,1.0005211516520807
6873,1.007540919630838
6874,1.0002878128679844
6875,1.0008128989251883
6876,1.004592244393331
6877,1.0002865840715975
6878,1.000541934213247
6879,1.0025061876047552
6880,1.0002146349530605
6881,1.0002878128679844
6882,1.0002467892821574
6883,1.0003185481741586
6884,1.0002467892821574
6885,1.0006123399111129
6886,1.0002865840715975
6887,1.0001840410355283
6888,1.0002467892821574
6889,1.0001840410355283
6890,1.0002865840715975
6891,1.0002196176937133
6892,1.0002865840715975
6893,1.0004911300079355
6894,1.00083861230367
6895,1.01097482735515
6896,1.0002467892821574
6897,1.0002196176937133
6898,1.0002467892821574
6899,1.0004637796985794
6900,1.0002467892821574
6901,1.0002375565777835
6902,1.0002137185536963
6903,1.0002196176937133
6904,1.0035160066976974
6905,1.0002467892821574
6906,1.0002878128679844
6907,1.0002467892821574
6908,1.0001840410355283
6909,1.0007140274023898
6910,1.0002467892821574
6911,1.0004085085000314
6912,1.0003185481741586
6913,1.000207735466475
6914,1.0001840410355283
6915,1.0004911300079355
6916,1.0002196176937133
6917,1.0002196176937133
6918,1.0002396593654947
6919,1.0002878128679844
6920,1.0002467892821574
6921,1.0002865840715975
6922,1.0001840410355283
6923,1.0002467892821574
6924,1.000309491187532
6925,1.0002705134379661
6926,1.0002512252863724
6927,1.0002467892821574
6928,1.0003975371747256
6929,1.0002467892821574
6930,1.0002467892821574
6931,1.0003185481741586
6932,1.0002196176937133
6933,1.0002865840715975
6934,1.0002196176937133
6935,1.0007140274023898
6936,1.0002705134379661
6937,1.0004203651609829
6938,1.006877559797716
6939,1.0002865840715975
6940,1.0003185481741586
6941,1.0109781321788651
6942,1.0005211516520807
6943,1.0002865840715975
6944,1.0034262984972822
6945,1.0002865840715975
6946,1.0003423379949696
6947,1.0001840410355283
6948,1.0003185481741586
6949,1.0002467892821574
6950,1.0003185481741586
6951,1.0006582899821463
6952,1.0003185481741586
6953,1.0006123399111129
6954,1.0002467892821574
6955,1.0002865840715975
6956,1.0002467892821574
6957,1.0018901998395442
6958,1.0002196176937133
6959,1.0002705134379661
6960,1.0066460881394683
6961,1.0004911300079355
6962,1.0002146349530605
6963,1.0002865840715975
6964,1.0002467892821574
6965,1.1477872057339802
6966,1.001124409731512
6967,1.0001840410355283
6968,1.0003992415917118
6969,1.000309491187532
6970,1.0002467892821574
6971,1.0002467892821574
6972,1.0003975371747256
6973,1.0002196176937133
6974,1.0012766512985252
6975,1.000309491187532
6976,1.0002467892821574
6977,1.0005211516520807
6978,1.0002467892821574
6979,1.0002196176937133
6980,1.0002561249073616
6981,1.0002865840715975
6982,1.0002865840715975
6983,1.001124409731512
6984,1.0002467892821574
6985,1.0005211516520807
6986,1.0003886580360737
6987,1.0003254726619608
6988,1.0002427207207036
6989,1.0002896389910543
6990,1.0082345412531564
6991,1.000731701887141
6992,1.0003254726619608
6993,1.0002427207207036
6994,1.0003254726619608
6995,1.0005808331677835
6996,1.0002896389910543
6997,1.0002865840715975
6998,1.0003254726619608
6999,1.0002375565777835
7000,1.0002427207207036
7001,1.0002561249073616
7002,1.0003254726619608
7003,1.0005623677636721
7004,1.0014374928505763
7005,1.0002427207207036
7006,1.0147368203498983
7007,1.0007140274023898
7008,1.0002878128679844
7009,1.0003254726619608
7010,1.0002865840715975
7011,1.0002865840715975
7012,1.0004748325809576
7013,1.0002427207207036
7014,1.0007140274023898
7015,1.0003254726619608
7016,1.0003185481741586
7017,1.0002878128679844
7018,1.0004203651609829
7019,1.0002878128679844
7020,1.0003254726619608
7021,1.0003254726619608
7022,1.000952176286105
7023,1.0003254726619608
7024,1.000331323084638
7025,1.0002896389910543
7026,1.184451094807317
7027,1.000737720554233
7028,1.0013588979985888
7029,1.0005211516520807
7030,1.0005211516520807
7031,1.0004514781106781
7032,1.0028755058476662
7033,1.0003254726619608
7034,1.0002561249073616
7035,1.0003254726619608
7036,1.0003160698953564
7037,1.0002896389910543
7038,1.0004514781106781
7039,1.0002865840715975
7040,1.0002427207207036
7041,1.0003160698953564
7042,1.0004203651609829
7043,1.0002427207207036
7044,1.0002427207207036
7045,1.0004418734582905
7046,1.0004595930140665
7047,1.0002427207207036
7048,1.0003254726619608
7049,1.0003254726619608
7050,1.0002865840715975
7051,1.0004418734582905
7052,1.0002896389910543
7053,1.0014039584076053
7054,1.0002896389910543
7055,1.0002146349530605
7056,1.0003185481741586
7057,1.0003254726619608
7058,1.0003254726619608
7059,1.0003254726619608
7060,1.0149057947001483
7061,1.0034630608316355
7062,1.0003254726619608
7063,1.0002896389910543
7064,1.0002896389910543
7065,1.0006062131420148
7066,1.0002878128679844
7067,1.0002427207207036
7068,1.001305640937826
7069,1.0003254726619608
7070,1.0003254726619608
7071,1.0003254726619608
7072,1.0006062131420148
7073,1.0003185481741586
7074,1.0003254726619608
7075,1.0004081616445237
7076,1.0005211516520807
7077,1.0003254726619608
7078,1.0022646570901044
7079,1.0003254726619608
7080,1.0008970608087626
7081,1.0004081616445237
7082,1.0003254726619608
7083,1.00083861230367
7084,1.0002896389910543
7085,1.0002427207207036
7086,1.0002561249073616
7087,1.0011746877514394
7088,1.0006062131420148
7089,1.0003254726619608
7090,1.0002427207207036
7091,1.0002865840715975
7092,1.00024708382743
7093,1.0003254726619608
7094,1.0002896389910543
7095,1.0002896389910543
7096,1.0003254726619608
7097,1.0003254726619608
7098,1.0002427207207036
7099,1.0004081616445237
7100,1.0084211276938722
7101,1.00299172140223
7102,1.0196990500621135
7103,1.0002865840715975
7104,1.0002878128679844
7105,1.0003254726619608
7106,1.0003254726619608
7107,1.0002865840715975
7108,1.0006123399111129
7109,1.0004081616445237
7110,1.0002865840715975
7111,1.0002427207207036
7112,1.0002865840715975
7113,1.0104127182763758
7114,1.0004911300079355
7115,1.0006062131420148
7116,1.0004514781106781
7117,1.0004911300079355
7118,1.0003254726619608
7119,1.0013101170162912
7120,1.0002865840715975
7121,1.0003254726619608
7122,1.0003992415917118
7123,1.0002865840715975
7124,1.0002427207207036
7125,1.0002865840715975
7126,1.000331323084638
7127,1.0002878128679844
7128,1.0002865840715975
7129,1.0006062131420148
7130,1.0002427207207036
7131,1.0003567593837714
7132,1.0003254726619608
7133,1.0006123399111129
7134,1.0002550314007732
7135,1.0002739688284619
7136,1.0006062131420148
7137,1.0003254726619608
7138,1.0012852171531244
7139,1.0003254726619608
7140,1.0002878128679844
7141,1.0003254726619608
7142,1.0003254726619608
7143,1.0005211516520807
7144,1.0003254726619608
7145,1.0003185481741586
7146,1.0004081616445237
7147,1.0003254726619608
7148,1.000331323084638
7149,1.0003254726619608
7150,1.0129142465461254
7151,1.0002427207207036
7152,1.0004514781106781
7153,1.0003254726619608
7154,1.0003254726619608
7155,1.0011361554450477
7156,1.0005211516520807
7157,1.0047682039534889
7158,1.000331323084638
7159,1.0003254726619608
7160,1.0004514781106781
7161,1.0004514781106781
7162,1.0211845887127138
7163,1.0093168409899265
7164,1.0003254726619608
7165,1.0003185481741586
7166,1.0003254726619608
7167,1.0003254726619608
7168,1.0054104119805962
7169,1.0012554219656635
7170,1.0002896389910543
7171,1.0004911300079355
7172,1.0003254726619608
7173,1.0004514781106781
7174,1.0145612712630476
7175,1.0002896389910543
7176,1.0003254726619608
7177,1.0006526807936524
7178,1.0003254726619608
7179,1.0002878128679844
7180,1.001000659746294
7181,1.000575004844387
7182,1.0002896389910543
7183,1.0620354300617865
7184,1.0003254726619608
7185,1.0003254726619608
7186,1.001124409731512
7187,1.0003254726619608
7188,1.0003254726619608
7189,1.0002427207207036
7190,1.000541934213247
7191,1.0003254726619608
7192,1.0002878128679844
7193,1.0002427207207036
7194,1.0003254726619608
7195,1.0002739688284619
7196,1.0002865840715975
7197,1.0003254726619608
7198,1.0002896389910543
7199,1.0002137185536963
7200,1.0003254726619608
7201,1.0002865840715975
7202,1.0003185481741586
7203,1.0003160698953564
7204,1.0015020891932096
7205,1.0003254726619608
7206,1.0003254726619608
7207,1.0003254726619608
7208,1.000331323084638
7209,1.0002878128679844
7210,1.0003254726619608
7211,1.0002878128679844
7212,1.0002896389910543
7213,1.0003254726619608
7214,1.001424322243431
7215,1.0002896389910543
7216,1.0003254726619608
7217,1.0003185481741586
7218,1.0002878128679844
7219,1.0002896389910543
7220,1.0003254726619608
7221,1.0003254726619608
7222,1.0003254726619608
7223,1.0035451233248405
7224,1.001124409731512
7225,1.0005211516520807
7226,1.0003254726619608
7227,1.0003254726619608
7228,1.0002896389910543
7229,1.0006776015061465
7230,1.0124180868128765
7231,1.0003185481741586
7232,1.0004743746186648
7233,1.0002427207207036
7234,1.0004911300079355
7235,1.0002739688284619
7236,1.0003254726619608
7237,1.0003254726619608
7238,1.0003254726619608
7239,1.0003254726619608
7240,1.0004081616445237
7241,1.0003254726619608
7242,1.0003185481741586
7243,1.0003254726619608
7244,1.0178083413051031
7245,1.000331323084638
7246,1.0003254726619608
7247,1.0003254726619608
7248,1.0003254726619608
7249,1.0002137185536963
7250,1.0003254726619608
7251,1.0004663217319147
7252,1.0002865840715975
7253,1.0002896389910543
7254,1.0003185481741586
7255,1.0003254726619608
7256,1.0003254726619608
7257,1.0006043755204763
7258,1.0002865840715975
7259,1.0003254726619608
7260,1.0052420991883346
7261,1.0003160698953564
7262,1.0003254726619608
7263,1.0005809017762373
7264,1.0070505024388774
7265,1.000342020712895
7266,1.001296967550928
7267,1.0003434867968188
7268,1.001341805202622
7269,1.0003254726619608
7270,1.0002550620258117
7271,1.0003254726619608
7272,1.0011227175983688
7273,1.0003254726619608
7274,1.0004514781106781
7275,1.0003254726619608
7276,1.0003254726619608
7277,1.0027588744019436
7278,1.000331323084638
7279,1.000331323084638
7280,1.000342020712895
7281,1.0041965511507005
7282,1.000331323084638
7283,1.0003043655653219
7284,1.0003254726619608
7285,1.0004514781106781
7286,1.0002896389910543
7287,1.0003254726619608
7288,1.0015234591201734
7289,1.0003254726619608
7290,1.0003254726619608
7291,1.0073247564406655
7292,1.0003254726619608
7293,1.0004081616445237
7294,1.0003254726619608
7295,1.0003254726619608
7296,1.0003254726619608
7297,1.0003254726619608
7298,1.0003254726619608
7299,1.0008803858640103
7300,1.0003254726619608
7301,1.0004081616445237
7302,1.0003801665536336
7303,1.0002427207207036
7304,1.000342020712895
7305,1.0003254726619608
7306,1.0003254726619608
7307,1.0003254726619608
7308,1.0003567593837714
7309,1.0002896389910543
7310,1.0008803858640103
7311,1.0004514781106781
7312,1.0002427207207036
7313,1.0003254726619608
7314,1.0008416239931675
7315,1.000342020712895
7316,1.000342020712895
7317,1.0003160698953564
7318,1.0003254726619608
7319,1.0003434867968188
7320,1.0003434867968188
7321,1.0013592825746997
7322,1.0003254726619608
7323,1.0004514781106781
7324,1.0002739688284619
7325,1.0003254726619608
7326,1.0003254726619608
7327,1.0063591790416695
7328,1.0003254726619608
7329,1.0003567593837714
7330,1.0015580161531585
7331,1.021639178719383
7332,1.0002892671984502
7333,1.0002892671984502
7334,1.0002892671984502
7335,1.0002892671984502
7336,1.0002892671984502
7337,1.0002892671984502
7338,1.000476464713919
7339,1.0003434867968188
7340,1.0164605587056958
7341,1.0002892671984502
7342,1.0002574193996947
7343,1.0002892671984502
7344,1.0002892671984502
7345,1.0006219478308764
7346,1.000342020712895
7347,1.0002809107951085
7348,1.000401259090617
7349,1.000215719784339
7350,1.0002892671984502
7351,1.000342020712895
7352,1.0008803858640103
7353,1.0002892671984502
7354,1.0002892671984502
7355,1.0003801665536336
7356,1.0002892671984502
7357,1.0006219478308764
7358,1.0004267045344855
7359,1.0002892671984502
7360,1.0002892671984502
7361,1.0002892671984502
7362,1.0002892671984502
7363,1.0002892671984502
7364,1.0002574193996947
7365,1.0003801665536336
7366,1.000215719784339
7367,1.0002892671984502
7368,1.000215719784339
7369,1.0003043655653219
7370,1.0002892671984502
7371,1.0002892671984502
7372,1.001178592136962
7373,1.0002892671984502
7374,1.000487101785622
7375,1.0002892671984502
7376,1.000342020712895
7377,1.0048579902436274
7378,1.000317074499163
7379,1.0002574193996947
7380,1.000342020712895
7381,1.0002892671984502
7382,1.0006219478308764
7383,1.0003383124096865
7384,1.0003434867968188
7385,1.000215719784339
7386,1.000487101785622
7387,1.000215719784339
7388,1.000215719784339
7389,1.0002892671984502
7390,1.0002892671984502
7391,1.0002705288962808
7392,1.0015234591201734
7393,1.0002892671984502
7394,1.0002892671984502
7395,1.0008803858640103
7396,1.000401259090617
7397,1.0002892671984502
7398,1.000342020712895
7399,1.0003801665536336
7400,1.0002574193996947
7401,1.0002892671984502
7402,1.0002892671984502
7403,1.000317074499163
7404,1.0003434867968188
7405,1.0002892671984502
7406,1.0002892671984502
7407,1.0002892671984502
7408,1.0002892671984502
7409,1.0002892671984502
7410,1.0002892671984502
7411,1.000342020712895
7412,1.0002892671984502
7413,1.0002574193996947
7414,1.0003434867968188
7415,1.0004744311651166
7416,1.0003801665536336
7417,1.0002574193996947
7418,1.0002892671984502
7419,1.0002892671984502
7420,1.0002892671984502
7421,1.001341805202622
7422,1.0015234591201734
7423,1.000771113560149
7424,1.0005861213907377
7425,1.0002892671984502
7426,1.0006219478308764
7427,1.000215719784339
7428,1.0002892671984502
7429,1.0002892671984502
7430,1.0003801665536336
7431,1.0062815804888887
7432,1.0007789062082746
7433,1.0008803858640103
7434,1.0601840623133505
7435,1.0003434867968188
7436,1.0002892671984502
7437,1.0002892671984502
7438,1.0002892671984502
7439,1.0006219478308764
7440,1.000342020712895
7441,1.0002892671984502
7442,1.0002892671984502
7443,1.001341805202622
7444,1.0124248907142424
7445,1.0002892671984502
7446,1.0002892671984502
7447,1.0002892671984502
7448,1.0002892671984502
7449,1.0037822865399617
7450,1.0008803858640103
7451,1.000342020712895
7452,1.0002892671984502
7453,1.0002892671984502
7454,1.0002574193996947
7455,1.000342020712895
7456,1.0002892671984502
7457,1.0002892671984502
7458,1.0002892671984502
7459,1.0002574193996947
7460,1.001341805202622
7461,1.0006219478308764
7462,1.000401259090617
7463,1.000342020712895
7464,1.0006219478308764
7465,1.0002892671984502
7466,1.095257146252222
7467,1.0002434924362607
7468,1.0006219478308764
7469,1.0002574193996947
7470,1.00265728167397
7471,1.0002892671984502
7472,1.0005347252156267
7473,1.0002892671984502
7474,1.0002892671984502
7475,1.0002892671984502
7476,1.0002892671984502
7477,1.000342020712895
7478,1.0002892671984502
7479,1.0005110496238296
7480,1.0002892671984502
7481,1.0002892671984502
7482,1.0002574193996947
7483,1.0002892671984502
7484,1.000401259090617
7485,1.000342020712895
7486,1.0003434867968188
7487,1.0003434867968188
7488,1.0006219478308764
7489,1.0005347252156267
7490,1.0002892671984502
7491,1.0002892671984502
7492,1.0003434867968188
7493,1.0002892671984502
7494,1.0008803858640103
7495,1.0002892671984502
7496,1.0002892671984502
7497,1.0002892671984502
7498,1.0002892671984502
7499,1.0002892671984502
7500,1.000401259090617
7501,1.0078856516997647
7502,1.0002892671984502
7503,1.0005347252156267
7504,1.0002574193996947
7505,1.0002892671984502
7506,1.000342020712895
7507,1.0002892671984502
7508,1.0007789062082746
7509,1.0007789062082746
7510,1.0002620467133079
7511,1.0003627598994034
7512,1.0002892671984502
7513,1.000342020712895
7514,1.0003627598994034
7515,1.0002892671984502
7516,1.0002892671984502
7517,1.000215719784339
7518,1.0015234591201734
7519,1.0002892671984502
7520,1.0010426581104086
7521,1.0002892671984502
7522,1.0002574193996947
7523,1.0002892671984502
7524,1.0003627598994034
7525,1.0002892671984502
7526,1.0002892671984502
7527,1.0096812759765745
7528,1.0002892671984502
7529,1.0002892671984502
7530,1.001341805202622
7531,1.0002892671984502
7532,1.0005110496238296
7533,1.0002892671984502
7534,1.0003801665536336
7535,1.0046071949157576
7536,1.0005110496238296
7537,1.0002892671984502
7538,1.0002892671984502
7539,1.000342020712895
7540,1.002030253133233
7541,1.000335210061114
7542,1.0002892671984502
7543,1.0002892671984502
7544,1.0002892671984502
7545,1.000215719784339
7546,1.0002892671984502
7547,1.0002892671984502
7548,1.000842102280377
7549,1.0002892671984502
7550,1.0002892671984502
7551,1.0002892671984502
7552,1.0003801665536336
7553,1.000771113560149
7554,1.0002892671984502
7555,1.0002892671984502
7556,1.0005347252156267
7557,1.000771113560149
7558,1.0002705288962808
7559,1.0002892671984502
7560,1.0002892671984502
7561,1.0002574193996947
7562,1.0002892671984502
7563,1.0002892671984502
7564,1.0002892671984502
7565,1.0002944669216893
7566,1.0002892671984502
7567,1.0003434867968188
7568,1.0002892671984502
7569,1.0003434867968188
7570,1.0002892671984502
7571,1.0002892671984502
7572,1.0002892671984502
7573,1.0002574193996947
7574,1.0013586513290542
7575,1.0002892671984502
7576,1.000342020712895
7577,1.0006219478308764
7578,1.000342020712895
7579,1.000342020712895
7580,1.0002892671984502
7581,1.0005861213907377
7582,1.0002892671984502
7583,1.0002892671984502
7584,1.0006189623713984
7585,1.0002892671984502
7586,1.6613435670129628
7587,1.0002892671984502
7588,1.0005861213907377
7589,1.0002892671984502
7590,1.0002574193996947
7591,1.000215719784339
7592,1.000342020712895
7593,1.0426647978237884
7594,1.0002892671984502
7595,1.0002434924362607
7596,1.0002892671984502
7597,1.0002574193996947
7598,1.0002892671984502
7599,1.000401259090617
7600,1.0002892671984502
7601,1.0002892671984502
7602,1.0002892671984502
7603,1.0002892671984502
7604,1.0002944669216893
7605,1.000342020712895
7606,1.0002892671984502
7607,1.0010426581104086
7608,1.0002434924362607
7609,1.0004084715230683
7610,1.0003627598994034
7611,1.0002892671984502
7612,1.000771113560149
7613,1.0002892671984502
7614,1.0002574193996947
7615,1.0002892671984502
7616,1.666873127267635
7617,1.0002574193996947
7618,1.0002892671984502
7619,1.0009082416989343
7620,1.0010426581104086
7621,1.0003627598994034
7622,1.0003434867968188
7623,1.0002892671984502
7624,1.0002892671984502
7625,1.0007789062082746
7626,1.000342020712895
7627,1.0002892671984502
7628,1.0002892671984502
7629,1.0002574193996947
7630,1.0002892671984502
7631,1.000342020712895
7632,1.0002892671984502
7633,1.0002892671984502
7634,1.0002892671984502
7635,1.0002892671984502
7636,1.0003801665536336
7637,1.0002892671984502
7638,1.0002892671984502
